<annotation>
	<folder>VOC2012</folder>
	<filename>2008_000112.jpg</filename>
	<source>
		<database>The VOC2008 Database</database>
		<annotation>PASCAL VOC2008</annotation>
		<image>flickr</image>
	</source>
	<size>
		<width>500</width>
		<height>375</height>
		<depth>3</depth>
	</size>
	<segmented>0</segmented>
	<object>
		<name>cat</name>
		<pose>Right</pose>
		<truncated>0</truncated>
		<occluded>0</occluded>
		<bndbox>
			<xmin>83</xmin>
			<ymin>74</ymin>
			<xmax>386</xmax>
			<ymax>320</ymax>
		</bndbox>
		<difficult>0</difficult>
	</object>
	<object>
		<name>bottle</name>
		<pose>Unspecified</pose>
		<truncated>1</truncated>
		<occluded>1</occluded>
		<bndbox>
			<xmin>324</xmin>
			<ymin>1</ymin>
			<xmax>394</xmax>
			<ymax>116</ymax>
		</bndbox>
		<difficult>0</difficult>
	</object>
</annotation>
