<annotation>
	<folder>VOC2012</folder>
	<filename>2008_000181.jpg</filename>
	<source>
		<database>The VOC2008 Database</database>
		<annotation>PASCAL VOC2008</annotation>
		<image>flickr</image>
	</source>
	<size>
		<width>486</width>
		<height>348</height>
		<depth>3</depth>
	</size>
	<segmented>0</segmented>
	<object>
		<name>cat</name>
		<pose>Unspecified</pose>
		<truncated>0</truncated>
		<occluded>0</occluded>
		<bndbox>
			<xmin>46</xmin>
			<ymin>76</ymin>
			<xmax>423</xmax>
			<ymax>321</ymax>
		</bndbox>
		<difficult>0</difficult>
	</object>
</annotation>
