<annotation>
	<folder>VOC2012</folder>
	<filename>2008_000182.jpg</filename>
	<source>
		<database>The VOC2008 Database</database>
		<annotation>PASCAL VOC2008</annotation>
		<image>flickr</image>
	</source>
	<size>
		<width>411</width>
		<height>500</height>
		<depth>3</depth>
	</size>
	<segmented>1</segmented>
	<object>
		<name>cat</name>
		<pose>Unspecified</pose>
		<truncated>0</truncated>
		<occluded>0</occluded>
		<bndbox>
			<xmin>234</xmin>
			<ymin>326</ymin>
			<xmax>336</xmax>
			<ymax>429</ymax>
		</bndbox>
		<difficult>0</difficult>
	</object>
</annotation>
