<annotation>
	<folder>VOC2012</folder>
	<filename>2008_000115.jpg</filename>
	<source>
		<database>The VOC2008 Database</database>
		<annotation>PASCAL VOC2008</annotation>
		<image>flickr</image>
	</source>
	<size>
		<width>500</width>
		<height>400</height>
		<depth>3</depth>
	</size>
	<segmented>0</segmented>
	<object>
		<name>cat</name>
		<pose>Right</pose>
		<truncated>0</truncated>
		<occluded>0</occluded>
		<bndbox>
			<xmin>109</xmin>
			<ymin>131</ymin>
			<xmax>461</xmax>
			<ymax>295</ymax>
		</bndbox>
		<difficult>0</difficult>
	</object>
	<object>
		<name>chair</name>
		<pose>Unspecified</pose>
		<truncated>1</truncated>
		<occluded>1</occluded>
		<bndbox>
			<xmin>1</xmin>
			<ymin>1</ymin>
			<xmax>497</xmax>
			<ymax>400</ymax>
		</bndbox>
		<difficult>0</difficult>
	</object>
</annotation>
