<annotation>
	<folder>VOC2012</folder>
	<filename>2008_000116.jpg</filename>
	<source>
		<database>The VOC2008 Database</database>
		<annotation>PASCAL VOC2008</annotation>
		<image>flickr</image>
	</source>
	<size>
		<width>500</width>
		<height>400</height>
		<depth>3</depth>
	</size>
	<segmented>0</segmented>
	<object>
		<name>cat</name>
		<pose>Unspecified</pose>
		<truncated>0</truncated>
		<occluded>0</occluded>
		<bndbox>
			<xmin>44</xmin>
			<ymin>86</ymin>
			<xmax>321</xmax>
			<ymax>319</ymax>
		</bndbox>
		<difficult>0</difficult>
	</object>
</annotation>
