<annotation>
<folder>images</folder>
<filename>bowl</filename>
<source>
<database>MyDatabase</database>
<annotation>COCO2017</annotation>
<image>flickr</image>
<flickrid>NULL</flickrid>
<annotator>abc@abc.com</annotator>
</source>
<owner>
<flickrid>NULL</flickrid>
<name>Label Studio</name>
</owner>
<size>
<width>1080</width>
<height>1350</height>
<depth>3</depth>
</size>
<segmented>0</segmented>
<object>
<name>bowl</name>
<pose>Unspecified</pose>
<truncated>0</truncated>
<difficult>0</difficult>
<bndbox>
<xmin>619</xmin>
<ymin>667</ymin>
<xmax>1030</xmax>
<ymax>1055</ymax>
</bndbox>
<tags><class_id>7</class_id><class_type>green</class_type></tags><box_quality>0.95</box_quality></object>
<cks><camera_id>3</camera_id><location>shunde</location></cks><image_quality>0.95</image_quality></annotation>