<annotation>
<folder>images</folder>
<filename>cat</filename>
<source>
<database>MyDatabase</database>
<annotation>COCO2017</annotation>
<image>flickr</image>
<flickrid>NULL</flickrid>
<annotator>abc@abc.com</annotator>
</source>
<owner>
<flickrid>NULL</flickrid>
<name>Label Studio</name>
</owner>
<size>
<width>1080</width>
<height>607</height>
<depth>3</depth>
</size>
<segmented>0</segmented>
<object>
<name>cat</name>
<pose>Unspecified</pose>
<truncated>0</truncated>
<difficult>0</difficult>
<bndbox>
<xmin>128</xmin>
<ymin>105</ymin>
<xmax>1064</xmax>
<ymax>548</ymax>
</bndbox>
<tags><class_id>2</class_id><class_type>read</class_type></tags><box_quality>0.95</box_quality></object>
<cks><camera_id>3</camera_id><location>guangzhou</location></cks><image_quality>0.95</image_quality></annotation>