<annotation>
<folder>images</folder>
<filename>cup</filename>
<source>
<database>MyDatabase</database>
<annotation>COCO2017</annotation>
<image>flickr</image>
<flickrid>NULL</flickrid>
<annotator>abc@abc.com</annotator>
</source>
<owner>
<flickrid>NULL</flickrid>
<name>Label Studio</name>
</owner>
<size>
<width>1080</width>
<height>1080</height>
<depth>3</depth>
</size>
<segmented>0</segmented>
<object>
<name>bottle</name>
<pose>Unspecified</pose>
<truncated>0</truncated>
<difficult>0</difficult>
<bndbox>
<xmin>630</xmin>
<ymin>577</ymin>
<xmax>876</xmax>
<ymax>926</ymax>
</bndbox>
<tags><class_id>6</class_id><class_type>black</class_type></tags><box_quality>0.95</box_quality></object>
<object>
<name>cup</name>
<pose>Unspecified</pose>
<truncated>0</truncated>
<difficult>0</difficult>
<bndbox>
<xmin>267</xmin>
<ymin>771</ymin>
<xmax>544</xmax>
<ymax>969</ymax>
</bndbox>
<tags><class_id>5</class_id><class_type>blue</class_type></tags><box_quality>0.95</box_quality></object>
<cks><camera_id>5</camera_id><location>zhuhai</location></cks><image_quality>0.95</image_quality></annotation>