<?xml version="1.0" encoding="utf-8"?>
<annotation>
<folder>images</folder>
<filename>cup</filename>
<source>
<database>MyDatabase</database>
<annotation>COCO2017</annotation>
<image>flickr</image>
<flickrid>NULL</flickrid>
<annotator>abc@abc.com</annotator>
</source>
<owner>
<flickrid>NULL</flickrid>
<name>Label Studio</name>
</owner>
<size>
<width>1080</width>
<height>1080</height>
<depth>3</depth>
</size>
<segmented>0</segmented>
<object>
<name>bottle</name>
<pose>Unspecified</pose>
<truncated>0</truncated>
<difficult>0</difficult>
<bndbox>
<xmin>630</xmin>
<ymin>577</ymin>
<xmax>876</xmax>
<ymax>926</ymax>
</bndbox>
</object>
<object>
<name>cup</name>
<pose>Unspecified</pose>
<truncated>0</truncated>
<difficult>0</difficult>
<bndbox>
<xmin>267</xmin>
<ymin>771</ymin>
<xmax>544</xmax>
<ymax>969</ymax>
</bndbox>
</object>
</annotation>
