<?xml version="1.0" encoding="utf-8"?>
<annotation>
<folder>images</folder>
<filename>spoon</filename>
<source>
<database>MyDatabase</database>
<annotation>COCO2017</annotation>
<image>flickr</image>
<flickrid>NULL</flickrid>
<annotator>abc@abc.com</annotator>
</source>
<owner>
<flickrid>NULL</flickrid>
<name>Label Studio</name>
</owner>
<size>
<width>1080</width>
<height>1080</height>
<depth>3</depth>
</size>
<segmented>0</segmented>
<object>
<name>bowl</name>
<pose>Unspecified</pose>
<truncated>0</truncated>
<difficult>0</difficult>
<bndbox>
<xmin>148</xmin>
<ymin>223</ymin>
<xmax>908</xmax>
<ymax>819</ymax>
</bndbox>
</object>
<object>
<name>spoon</name>
<pose>Unspecified</pose>
<truncated>0</truncated>
<difficult>0</difficult>
<bndbox>
<xmin>270</xmin>
<ymin>770</ymin>
<xmax>1073</xmax>
<ymax>1068</ymax>
</bndbox>
</object>
</annotation>
